game_id,era5_precipitation,era5_precipitation_3h,era5_temperature_2m,era5_wind_speed_10m,hf_precipitation,hf_precipitation_3h,hf_precipitation_probability,hf_temperature_2m,hf_wind_speed_10m,kickoff_utc,pr_precipitation_previous_day1,pr_precipitation_previous_day2,pr_temperature_2m_previous_day1,pr_temperature_2m_previous_day2,pr_wind_speed_10m_previous_day1,pr_wind_speed_10m_previous_day2,schedule_roof,season,venue,week
2024_01_ARI_BUF,0.0,0.024,58.8,18.3,0.0,0.0,0,61.7,17.3,2024-09-08T17:00Z,0.0,0.0,57.4,62.2,17.3,16.8,outdoors,2024,BUF00,1
2024_01_BAL_KC,0.0,0.0,82.1,6.8,0.0,0.0,29,75.8,5.5,2024-09-06T00:20Z,0.0,0.0,88.8,88.4,11.1,3.4,outdoors,2024,KAN00,1
2024_01_DAL_CLE,0.0,0.0,63.6,13.5,0.0,0.0,0,67.7,15.7,2024-09-08T20:25Z,0.0,0.0,66.1,63.4,14.0,9.4,outdoors,2024,CLE00,1
2024_01_HOU_IND,0.0,0.0,64.9,2.3,0.0,0.0,0,65.5,3.2,2024-09-08T17:00Z,0.0,0.0,66.1,68.9,4.7,2.3,closed,2024,IND00,1
2024_01_JAX_MIA,0.0,0.0,89.5,10.0,0.0,0.0,23,94.4,10.7,2024-09-08T17:00Z,0.0,0.0,84.4,91.3,5.1,13.4,outdoors,2024,MIA00,1
2024_01_MIN_NYG,0.0,0.0,67.2,11.2,0.0,0.0,0,67.7,10.7,2024-09-08T17:00Z,0.0,0.0,65.0,69.4,13.2,10.4,outdoors,2024,NYC01,1
2024_01_NE_CIN,0.0,0.0,65.1,1.8,0.0,0.0,0,68.8,0.6,2024-09-08T17:00Z,0.0,0.0,68.6,69.5,2.3,4.0,outdoors,2024,CIN00,1
2024_01_PIT_ATL,0.0,0.0,78.8,8.7,0.0,0.0,0,77.2,5.4,2024-09-08T17:00Z,0.0,0.0,79.1,78.3,6.7,8.6,closed,2024,ATL97,1
2024_01_TEN_CHI,0.0,0.0,68.6,9.6,0.0,0.0,0,68.1,7.6,2024-09-08T17:00Z,0.0,0.0,69.1,68.3,7.9,7.4,outdoors,2024,CHI98,1
2024_02_ATL_PHI,0.0,0.0,70.5,8.7,0.0,0.0,0,69.9,3.7,2024-09-17T00:15Z,0.0,0.0,71.4,72.8,6.7,8.7,outdoors,2024,PHI00,2
2024_02_BUF_MIA,0.0,0.0,80.8,1.1,0.0,0.0,100,85.9,4.3,2024-09-13T00:15Z,0.0,0.024,79.9,88.6,4.5,3.7,outdoors,2024,MIA00,2
2024_02_CHI_HOU,0.008,0.008,81.2,4.8,0.0,0.0,3,87.8,5.9,2024-09-16T00:20Z,0.043,0.0,76.5,88.9,9.9,11.6,closed,2024,HOU00,2
2024_02_CIN_KC,0.012,0.012,84.7,5.6,0.0,0.0,0,89.1,7.5,2024-09-15T20:25Z,0.0,0.0,89.3,85.8,9.5,18.1,outdoors,2024,KAN00,2
2024_02_CLE_JAX,0.0,0.008,80.7,11.6,0.0,0.0,55,78.7,10.1,2024-09-15T17:00Z,0.0,0.0,81.3,84.1,8.3,11.3,outdoors,2024,JAX00,2
2024_02_IND_GB,0.0,0.0,83.6,4.6,0.0,0.0,29,83.4,3.3,2024-09-15T17:00Z,0.0,0.0,86.2,82.3,8.4,9.0,outdoors,2024,GNB00,2
2024_02_LAC_CAR,0.0,0.008,80.6,15.0,0.0,0.0,8,77.9,11.7,2024-09-15T17:00Z,0.0,0.0,79.9,77.9,15.7,13.4,outdoors,2024,CAR00,2
2024_02_LV_BAL,0.0,0.0,77.5,8.3,0.0,0.0,0,82.1,10.1,2024-09-15T17:00Z,0.0,0.0,79.3,81.5,10.5,8.3,outdoors,2024,BAL00,2
2024_02_NO_DAL,0.0,0.012,86.9,5.8,0.0,0.0,67,85.6,4.6,2024-09-15T17:00Z,0.0,0.0,88.1,90.2,6.5,5.5,closed,2024,DAL00,2
2024_02_PIT_DEN,0.0,0.0,86.0,4.6,0.0,0.0,0,85.4,5.8,2024-09-15T20:25Z,0.0,0.0,89.6,87.0,6.5,4.7,outdoors,2024,DEN00,2
2024_02_SEA_NE,0.0,0.0,76.8,4.3,0.0,0.0,0,76.9,4.4,2024-09-15T17:00Z,0.0,0.0,76.8,78.9,5.1,4.5,outdoors,2024,BOS00,2
2024_03_BAL_DAL,0.0,0.0,92.8,7.8,0.0,0.0,0,92.8,6.5,2024-09-22T20:25Z,0.0,0.0,93.4,94.6,6.1,8.1,closed,2024,DAL00,3
2024_03_CHI_IND,0.031,0.059,70.5,4.1,0.0,0.032,88,72.8,3.5,2024-09-22T17:00Z,0.409,0.043,70.5,70.0,11.1,4.7,closed,2024,IND00,3
2024_03_JAX_BUF,0.0,0.008,69.8,1.8,0.0,0.0,49,68.7,5.8,2024-09-23T23:30Z,0.0,0.0,66.6,62.7,6.0,8.7,outdoors,2024,BUF00,3
2024_03_KC_ATL,0.0,0.0,83.2,4.7,0.0,0.0,0,84.6,5.2,2024-09-23T00:20Z,0.0,0.0,84.4,86.8,4.4,6.0,closed,2024,ATL97,3
2024_03_NE_NYJ,0.0,0.0,73.7,5.4,0.0,0.0,0,77.1,4.3,2024-09-20T00:15Z,0.0,0.0,73.6,70.0,5.5,10.5,outdoors,2024,NYC01,3
2024_03_NYG_CLE,0.0,0.0,79.5,0.7,0.0,0.0,0,80.9,4.6,2024-09-22T17:00Z,0.0,0.0,79.0,82.2,6.8,0.5,outdoors,2024,CLE00,3
2024_03_WAS_CIN,0.012,0.016,75.9,2.7,0.0,0.0,55,69.4,1.8,2024-09-24T00:15Z,0.043,0.0,73.8,68.0,11.9,2.9,outdoors,2024,CIN00,3
2024_04_BUF_BAL,0.008,0.024,66.4,10.1,0.0,0.0,26,66.3,5.9,2024-09-30T00:20Z,0.0,0.0,65.0,69.4,5.5,9.5,outdoors,2024,BAL00,4
2024_04_CIN_CAR,0.0,0.0,78.2,4.8,0.0,0.0,34,74.6,3.4,2024-09-29T17:00Z,0.0,0.035,74.2,76.3,6.3,8.4,outdoors,2024,CAR00,4
2024_04_DAL_NYG,0.0,0.0,70.7,5.5,0.0,0.0,94,74.8,2.2,2024-09-27T00:15Z,0.0,0.0,72.8,72.1,4.5,8.5,outdoors,2024,NYC01,4
2024_04_DEN_NYJ,0.008,0.012,64.2,10.3,0.0,0.016,55,62.3,6.3,2024-09-29T17:00Z,0.0,0.0,62.5,66.2,8.2,9.7,outdoors,2024,NYC01,4
2024_04_JAX_HOU,0.0,0.0,85.7,3.0,0.0,0.0,0,88.1,3.2,2024-09-29T17:00Z,0.0,0.0,90.9,90.0,5.3,5.4,closed,2024,HOU00,4
2024_04_LA_CHI,0.004,0.004,66.0,16.0,0.0,0.0,0,67.8,11.5,2024-09-29T17:00Z,0.0,0.0,68.7,69.0,13.4,14.0,outdoors,2024,CHI98,4
2024_04_MIN_GB,0.0,0.0,69.4,12.5,0.0,0.0,0,68.7,10.9,2024-09-29T17:00Z,0.0,0.0,68.6,71.5,12.7,14.7,outdoors,2024,GNB00,4
2024_04_NO_ATL,0.0,0.0,75.5,10.6,0.0,0.0,22,75.4,6.2,2024-09-29T17:00Z,0.0,0.0,70.2,79.2,7.4,8.9,closed,2024,ATL97,4
2024_04_PIT_IND,0.012,0.016,70.1,10.1,0.0,0.0,38,69.7,7.1,2024-09-29T17:00Z,0.0,0.012,67.1,71.3,9.7,8.7,closed,2024,IND00,4
2024_04_TEN_MIA,0.0,0.0,82.9,4.2,0.0,0.0,75,84.9,7.0,2024-09-30T23:30Z,0.0,0.0,85.2,87.2,6.5,11.0,outdoors,2024,MIA00,4
2024_05_BAL_CIN,0.0,0.0,79.9,11.7,0.0,0.0,0,83.0,9.3,2024-10-06T17:00Z,0.0,0.0,81.4,81.4,14.0,11.4,outdoors,2024,CIN00,5
2024_05_BUF_HOU,0.0,0.0,87.1,9.8,0.0,0.0,2,88.2,7.3,2024-10-06T17:00Z,0.0,0.0,88.5,87.3,8.9,10.0,closed,2024,HOU00,5
2024_05_CAR_CHI,0.0,0.0,72.5,17.9,0.0,0.0,0,74.6,15.8,2024-10-06T17:00Z,0.0,0.0,69.0,72.3,16.1,13.4,outdoors,2024,CHI98,5
2024_05_IND_JAX,0.079,0.134,74.1,9.2,0.016,0.016,100,76.3,3.0,2024-10-06T17:00Z,0.0,0.106,76.2,70.9,3.6,10.9,outdoors,2024,JAX00,5
2024_05_LV_DEN,0.0,0.0,72.5,9.3,0.0,0.0,0,74.1,5.5,2024-10-06T20:05Z,0.0,0.0,74.5,76.9,5.3,6.5,outdoors,2024,DEN00,5
2024_05_MIA_NE,0.0,0.0,63.8,2.0,0.0,0.0,0,64.9,1.1,2024-10-06T17:00Z,0.0,0.0,65.4,67.4,1.8,3.4,outdoors,2024,BOS00,5
2024_05_NO_KC,0.0,0.0,62.2,3.9,0.0,0.0,0,65.8,1.7,2024-10-08T00:15Z,0.0,0.0,66.1,63.0,5.4,6.3,outdoors,2024,KAN00,5
2024_05_NYJ_MIN,0.0,0.0,59.1,12.5,0.0,0.0,22,59.0,8.7,2024-10-06T13:30Z,0.0,0.0,56.8,61.9,9.2,7.8,outdoors,2024,LON02,5
2024_05_TB_ATL,0.0,0.0,72.6,6.9,0.0,0.0,52,74.7,4.5,2024-10-04T00:15Z,0.0,0.0,72.6,76.0,5.2,6.2,closed,2024,ATL97,5
2024_06_ARI_GB,0.035,0.122,51.6,8.1,0.016,0.032,69,52.9,1.1,2024-10-13T17:00Z,0.0,0.0,50.9,50.9,1.6,9.9,outdoors,2024,GNB00,6
2024_06_ATL_CAR,0.0,0.0,78.5,9.6,0.0,0.0,0,79.9,7.8,2024-10-13T20:25Z,0.0,0.0,80.0,78.1,10.0,8.5,outdoors,2024,CAR00,6
2024_06_BUF_NYJ,0.0,0.0,49.2,16.1,0.0,0.0,0,50.2,15.2,2024-10-15T00:15Z,0.0,0.0,47.6,49.4,11.5,13.0,outdoors,2024,NYC01,6
2024_06_CIN_NYG,0.0,0.0,68.8,8.7,0.0,0.0,1,61.8,4.8,2024-10-14T00:20Z,0.0,0.0,67.6,73.0,2.0,12.1,outdoors,2024,NYC01,6
2024_06_CLE_PHI,0.0,0.0,77.4,7.9,0.0,0.0,1,77.3,2.7,2024-10-13T17:00Z,0.0,0.0,77.9,77.7,10.9,11.7,outdoors,2024,PHI00,6
2024_06_DET_DAL,0.0,0.0,98.6,8.3,0.0,0.0,0,97.3,7.1,2024-10-13T20:25Z,0.0,0.0,97.6,98.2,8.8,11.9,closed,2024,DAL00,6
2024_06_HOU_NE,0.0,0.0,50.8,5.1,0.0,0.0,6,50.9,7.2,2024-10-13T17:00Z,0.0,0.0,49.7,51.7,6.5,2.7,outdoors,2024,BOS00,6
2024_06_JAX_CHI,0.0,0.0,50.9,1.8,0.0,0.0,1,52.2,2.9,2024-10-13T13:30Z,0.0,0.0,49.5,48.8,3.1,2.5,outdoors,2024,LON02,6
2024_06_LAC_DEN,0.0,0.0,66.7,7.5,0.0,0.0,0,65.7,6.7,2024-10-13T20:05Z,0.0,0.0,67.1,74.4,8.5,7.4,outdoors,2024,DEN00,6
2024_06_WAS_BAL,0.0,0.0,76.1,9.1,0.0,0.0,1,76.6,9.7,2024-10-13T17:00Z,0.0,0.0,79.0,78.4,8.5,9.8,outdoors,2024,BAL00,6
2024_07_CIN_CLE,0.0,0.0,62.9,8.6,0.0,0.0,0,68.7,5.9,2024-10-20T17:00Z,0.0,0.0,66.2,65.4,5.1,7.8,outdoors,2024,CLE00,7
2024_07_HOU_GB,0.0,0.0,70.8,11.7,0.0,0.0,0,72.1,8.6,2024-10-20T17:00Z,0.0,0.0,70.6,73.4,10.2,14.5,outdoors,2024,GNB00,7
2024_07_MIA_IND,0.0,0.0,67.8,4.7,0.0,0.0,0,69.3,4.2,2024-10-20T17:00Z,0.0,0.0,66.8,68.6,5.6,5.5,closed,2024,IND00,7
2024_07_NE_JAX,0.028,0.044,62.2,19.4,0.0,0.0,100,62.2,15.2,2024-10-20T13:30Z,0.004,0.012,61.0,60.7,15.2,15.2,outdoors,2024,LON00,7
2024_07_PHI_NYG,0.0,0.0,71.4,3.0,0.0,0.0,0,72.4,1.6,2024-10-20T17:00Z,0.0,0.0,72.1,71.6,5.0,4.5,outdoors,2024,NYC01,7
2024_07_SEA_ATL,0.0,0.0,70.3,3.8,0.0,0.0,0,72.6,2.4,2024-10-20T17:00Z,0.0,0.0,70.3,72.9,5.2,4.7,closed,2024,ATL97,7
2024_07_TEN_BUF,0.0,0.0,64.0,12.3,0.0,0.0,0,68.6,11.9,2024-10-20T17:00Z,0.0,0.0,64.2,63.6,13.8,14.5,outdoors,2024,BUF00,7
2024_08_ARI_MIA,0.0,0.0,81.4,11.4,0.0,0.0,0,83.6,12.2,2024-10-27T17:00Z,0.0,0.0,82.3,81.6,12.2,16.5,outdoors,2024,MIA00,8
2024_08_BAL_CLE,0.0,0.0,52.9,3.1,0.0,0.0,0,54.7,2.2,2024-10-27T17:00Z,0.0,0.0,54.0,54.1,5.5,5.2,outdoors,2024,CLE00,8
2024_08_CAR_DEN,0.0,0.0,77.8,3.6,0.0,0.0,0,77.9,3.1,2024-10-27T20:25Z,0.0,0.0,78.7,73.3,2.7,0.7,outdoors,2024,DEN00,8
2024_08_GB_JAX,0.0,0.0,80.1,1.7,0.0,0.0,0,82.0,4.7,2024-10-27T17:00Z,0.0,0.0,80.0,85.5,4.1,3.4,outdoors,2024,JAX00,8
2024_08_IND_HOU,0.0,0.0,81.9,2.0,0.0,0.0,0,85.8,1.5,2024-10-27T17:00Z,0.0,0.0,84.8,83.5,2.0,4.7,closed,2024,HOU00,8
2024_08_NYJ_NE,0.0,0.0,51.8,7.9,0.0,0.0,0,52.5,9.1,2024-10-27T17:00Z,0.0,0.0,50.0,51.7,11.0,7.7,outdoors,2024,BOS00,8
2024_08_PHI_CIN,0.0,0.0,56.4,3.8,0.0,0.0,0,58.4,4.9,2024-10-27T17:00Z,0.0,0.0,56.4,59.4,7.6,4.8,outdoors,2024,CIN00,8
2024_09_DAL_ATL,0.0,0.0,66.7,13.7,0.0,0.016,3,63.1,8.7,2024-11-03T18:00Z,0.0,0.0,66.4,74.4,11.1,11.5,closed,2024,ATL97,9
2024_09_DEN_BAL,0.0,0.0,56.8,3.2,0.0,0.0,0,59.7,1.9,2024-11-03T18:00Z,0.0,0.0,58.8,61.4,4.0,3.6,outdoors,2024,BAL00,9
2024_09_DET_GB,0.075,0.149,49.6,11.4,0.016,0.115,68,50.3,9.2,2024-11-03T21:25Z,0.016,0.051,50.1,48.6,10.8,14.8,outdoors,2024,GNB00,9
2024_09_HOU_NYJ,0.0,0.0,73.2,11.8,0.0,0.0,0,74.7,6.2,2024-11-01T00:15Z,0.0,0.0,71.7,73.8,7.3,10.2,outdoors,2024,NYC01,9
2024_09_JAX_PHI,0.0,0.0,56.1,3.9,0.0,0.0,0,57.2,3.7,2024-11-03T21:05Z,0.0,0.0,56.2,59.3,4.9,2.6,outdoors,2024,PHI00,9
2024_09_LAC_CLE,0.0,0.0,59.4,8.4,0.0,0.0,0,62.8,8.2,2024-11-03T18:00Z,0.0,0.0,61.1,60.6,10.6,6.0,outdoors,2024,CLE00,9
2024_09_LV_CIN,0.0,0.0,66.0,7.1,0.0,0.0,1,68.8,4.2,2024-11-03T18:00Z,0.0,0.0,68.6,69.7,6.6,6.3,outdoors,2024,CIN00,9
2024_09_MIA_BUF,0.0,0.0,55.1,5.8,0.0,0.0,0,55.9,8.6,2024-11-03T18:00Z,0.0,0.0,52.0,55.1,8.4,6.6,outdoors,2024,BUF00,9
2024_09_NO_CAR,0.0,0.0,65.8,7.4,0.0,0.0,0,63.7,5.6,2024-11-03T18:00Z,0.0,0.0,66.9,67.4,8.5,7.2,outdoors,2024,CAR00,9
2024_09_TB_KC,0.004,0.028,62.3,9.7,0.016,0.016,62,61.7,10.1,2024-11-05T01:15Z,0.0,0.012,61.5,59.6,7.2,5.4,outdoors,2024,KAN00,9
2024_09_WAS_NYG,0.0,0.0,54.3,5.1,0.0,0.0,0,53.8,3.7,2024-11-03T18:00Z,0.0,0.0,53.8,56.4,6.7,2.2,outdoors,2024,NYC01,9
2024_10_BUF_IND,0.0,0.0,65.6,11.8,0.0,0.0,6,65.1,10.3,2024-11-10T18:00Z,0.0,0.004,65.7,61.6,11.3,10.2,closed,2024,IND00,10
2024_10_CIN_BAL,0.0,0.0,61.8,5.6,0.0,0.0,0,64.8,3.2,2024-11-08T01:15Z,0.0,0.0,61.3,65.7,6.2,7.6,outdoors,2024,BAL00,10
2024_10_DEN_KC,0.0,0.0,57.0,8.9,0.0,0.0,0,59.8,8.5,2024-11-10T18:00Z,0.0,0.0,55.7,58.8,12.0,9.0,outdoors,2024,KAN00,10
2024_10_DET_HOU,0.0,0.0,73.3,4.5,0.0,0.0,0,73.5,3.5,2024-11-11T01:20Z,0.0,0.004,77.2,79.2,5.9,4.6,closed,2024,HOU00,10
2024_10_MIN_JAX,0.012,0.044,77.9,13.4,0.0,0.087,23,78.6,11.5,2024-11-10T18:00Z,0.0,0.012,76.6,81.4,6.0,11.2,outdoors,2024,JAX00,10
2024_10_NE_CHI,0.004,0.012,61.4,19.5,0.0,0.37,1,60.8,13.3,2024-11-10T18:00Z,0.0,0.0,59.1,60.9,13.1,16.1,outdoors,2024,CHI98,10
2024_10_PHI_DAL,0.0,0.0,74.6,0.7,0.0,0.0,0,80.6,4.6,2024-11-10T21:25Z,0.0,0.0,76.2,78.0,4.5,3.8,closed,2024,DAL00,10
2024_11_ATL_DEN,0.0,0.0,49.3,5.1,0.0,0.0,0,57.2,2.0,2024-11-17T21:05Z,0.0,0.0,54.3,52.9,5.5,3.8,outdoors,2024,DEN00,11
2024_11_GB_CHI,0.0,0.0,55.7,7.3,0.0,0.0,1,55.6,8.0,2024-11-17T18:00Z,0.0,0.0,54.7,58.9,7.8,10.5,outdoors,2024,CHI98,11
2024_11_HOU_DAL,0.0,0.0,62.6,6.8,0.0,0.0,0,66.8,3.4,2024-11-19T01:15Z,0.0,0.0,59.9,69.2,8.6,10.6,closed,2024,DAL00,11
2024_11_IND_NYJ,0.0,0.0,63.3,3.4,0.0,0.0,0,63.4,5.2,2024-11-17T18:00Z,0.0,0.0,63.7,60.8,5.3,3.5,outdoors,2024,NYC01,11
2024_11_KC_BUF,0.0,0.0,50.5,2.6,0.0,0.0,0,52.2,2.9,2024-11-17T21:25Z,0.0,0.0,48.5,50.8,6.0,4.6,outdoors,2024,BUF00,11
2024_11_LA_NE,0.0,0.0,59.2,8.3,0.0,0.0,0,61.1,10.0,2024-11-17T18:00Z,0.0,0.0,58.2,57.3,10.0,8.2,outdoors,2024,BOS00,11
2024_11_LV_MIA,0.0,0.0,82.0,7.1,0.0,0.0,1,82.6,9.4,2024-11-17T18:00Z,0.0,0.0,77.8,79.5,7.7,13.1,outdoors,2024,MIA00,11
2024_11_WAS_PHI,0.0,0.0,44.6,7.1,0.0,0.0,5,45.3,7.4,2024-11-15T01:15Z,0.0,0.0,45.3,47.5,7.8,8.1,outdoors,2024,PHI00,11
2024_12_DET_IND,0.0,0.0,51.3,6.7,0.0,0.0,0,52.7,7.6,2024-11-24T18:00Z,0.0,0.0,46.8,52.4,7.6,9.1,closed,2024,IND00,12
2024_12_KC_CAR,0.0,0.0,59.5,3.1,0.0,0.0,0,61.7,2.1,2024-11-24T18:00Z,0.0,0.0,61.4,59.6,5.1,4.2,outdoors,2024,CAR00,12
2024_12_MIN_CHI,0.0,0.0,45.1,5.8,0.0,0.0,0,44.9,8.6,2024-11-24T18:00Z,0.0,0.0,42.1,49.5,7.9,8.1,outdoors,2024,CHI98,12
2024_12_NE_MIA,0.0,0.0,75.8,4.1,0.0,0.0,0,78.3,7.3,2024-11-24T18:00Z,0.0,0.0,78.1,75.5,6.2,7.4,outdoors,2024,MIA00,12
2024_12_PIT_CLE,0.012,0.06,35.7,14.2,0.0,0.044,79,32.8,13.4,2024-11-22T01:15Z,0.0,0.0,33.3,38.9,11.7,9.4,outdoors,2024,CLE00,12
2024_12_SF_GB,0.0,0.0,41.6,9.9,0.0,0.0,1,42.0,8.9,2024-11-24T21:25Z,0.0,0.0,39.8,43.2,7.3,9.4,outdoors,2024,GNB00,12
2024_12_TB_NYG,0.0,0.0,50.5,13.9,0.0,0.0,0,53.8,14.4,2024-11-24T18:00Z,0.0,0.0,47.4,48.6,13.4,17.3,outdoors,2024,NYC01,12
2024_12_TEN_HOU,0.0,0.0,79.2,11.6,0.0,0.0,0,81.4,11.8,2024-11-24T18:00Z,0.0,0.0,78.9,79.4,12.7,12.8,closed,2024,HOU00,12
2024_13_CLE_DEN,0.0,0.0,33.5,1.9,0.0,0.0,0,42.3,5.9,2024-12-03T01:15Z,0.0,0.0,39.2,46.4,1.7,2.3,outdoors,2024,DEN00,13
2024_13_HOU_JAX,0.0,0.0,56.8,5.0,0.0,0.0,0,59.7,6.0,2024-12-01T18:00Z,0.0,0.0,58.8,63.7,8.5,4.7,outdoors,2024,JAX00,13
2024_13_IND_NE,0.0,0.0,35.6,9.7,0.0,0.0,0,36.6,9.5,2024-12-01T18:00Z,0.0,0.0,35.0,36.8,12.1,10.0,outdoors,2024,BOS00,13
2024_13_LAC_ATL,0.0,0.0,48.8,6.5,0.0,0.0,0,50.6,9.6,2024-12-01T18:00Z,0.0,0.0,51.7,50.2,12.4,8.8,closed,2024,ATL97,13
2024_13_LV_KC,0.0,0.0,34.7,3.2,0.0,0.0,0,38.0,3.2,2024-11-29T20:00Z,0.0,0.0,36.9,38.3,4.3,5.2,outdoors,2024,KAN00,13
2024_13_MIA_GB,0.0,0.008,26.5,9.8,0.0,0.0,1,26.9,8.5,2024-11-29T01:20Z,0.0,0.0,26.2,26.5,11.5,11.9,outdoors,2024,GNB00,13
2024_13_NYG_DAL,0.0,0.0,50.1,9.3,0.0,0.0,1,50.3,11.2,2024-11-28T21:30Z,0.0,0.0,48.7,55.6,13.8,11.9,closed,2024,DAL00,13
2024_13_PHI_BAL,0.0,0.0,37.9,5.1,0.0,0.0,9,39.4,3.3,2024-12-01T21:25Z,0.0,0.0,39.8,41.7,6.5,4.7,outdoors,2024,BAL00,13
2024_13_PIT_CIN,0.0,0.0,30.7,7.5,0.0,0.0,0,32.5,8.3,2024-12-01T18:00Z,0.0,0.0,29.7,31.9,9.6,8.6,outdoors,2024,CIN00,13
2024_13_SEA_NYJ,0.0,0.0,36.5,10.9,0.0,0.0,0,37.9,13.1,2024-12-01T18:00Z,0.0,0.0,37.6,37.2,12.6,11.3,outdoors,2024,NYC01,13
2024_13_SF_BUF,0.004,0.012,29.8,10.3,0.0,0.0,9,28.0,10.6,2024-12-02T01:20Z,0.0,0.0,28.0,27.5,6.0,8.1,outdoors,2024,BUF00,13
2024_13_TB_CAR,0.0,0.0,46.9,4.2,0.0,0.0,0,50.2,6.4,2024-12-01T21:05Z,0.0,0.0,51.8,48.3,8.4,5.6,outdoors,2024,CAR00,13
2024_14_CAR_PHI,0.0,0.0,56.1,15.2,0.0,0.0,0,58.6,16.6,2024-12-08T18:00Z,0.0,0.0,54.0,51.4,16.1,11.7,outdoors,2024,PHI00,14
2024_14_CIN_DAL,0.0,0.0,55.9,8.7,0.0,0.0,0,58.2,7.5,2024-12-10T01:15Z,0.0,0.0,54.1,62.6,11.6,9.0,closed,2024,DAL00,14
2024_14_LAC_KC,0.0,0.024,48.5,10.5,0.0,0.0,0,48.2,11.4,2024-12-09T01:20Z,0.0,0.0,51.3,51.1,11.9,11.6,outdoors,2024,KAN00,14
2024_14_NO_NYG,0.0,0.0,52.1,12.6,0.0,0.0,0,54.7,15.5,2024-12-08T18:00Z,0.0,0.0,51.8,48.8,14.5,12.4,outdoors,2024,NYC01,14
2024_14_NYJ_MIA,0.0,0.0,76.1,7.2,0.0,0.0,0,77.3,9.5,2024-12-08T18:00Z,0.0,0.0,75.7,75.4,9.8,11.3,outdoors,2024,MIA00,14
2024_15_BAL_NYG,0.0,0.0,37.3,5.1,0.0,0.0,1,38.2,8.1,2024-12-15T18:00Z,0.0,0.0,40.1,37.6,5.0,6.9,outdoors,2024,NYC01,15
2024_15_DAL_CAR,0.0,0.004,45.5,6.4,0.0,0.0,2,44.1,7.4,2024-12-15T18:00Z,0.028,0.0,43.1,51.4,6.7,5.4,outdoors,2024,CAR00,15
2024_15_IND_DEN,0.0,0.0,51.1,5.2,0.0,0.0,0,55.5,13.2,2024-12-15T21:25Z,0.0,0.0,54.7,52.0,14.6,1.2,outdoors,2024,DEN00,15
2024_15_KC_CLE,0.0,0.075,40.3,17.2,0.0,0.0,18,39.6,13.6,2024-12-15T18:00Z,0.0,0.008,42.1,39.7,16.6,16.0,outdoors,2024,CLE00,15
2024_15_MIA_HOU,0.008,0.02,77.7,10.5,0.0,0.0,0,81.6,9.6,2024-12-15T18:00Z,0.0,0.0,77.8,78.7,8.7,12.3,closed,2024,HOU00,15
2024_15_NYJ_JAX,0.012,0.02,71.2,10.4,0.0,0.0,6,66.5,8.1,2024-12-15T18:00Z,0.0,0.0,70.5,74.5,7.4,14.2,outdoors,2024,JAX00,15
2024_15_PIT_PHI,0.0,0.0,36.9,5.5,0.0,0.0,7,40.2,4.4,2024-12-15T21:25Z,0.0,0.0,42.9,41.5,4.9,7.2,outdoors,2024,PHI00,15
2024_16_ARI_CAR,0.0,0.0,37.2,3.2,0.0,0.0,0,39.6,0.9,2024-12-22T18:00Z,0.0,0.0,38.5,40.4,5.6,2.8,outdoors,2024,CAR00,16
2024_16_CLE_CIN,0.0,0.0,31.3,2.5,0.0,0.0,0,32.6,1.8,2024-12-22T18:00Z,0.0,0.0,32.6,33.9,3.5,4.2,outdoors,2024,CIN00,16
2024_16_DET_CHI,0.0,0.0,28.1,7.3,0.0,0.0,0,29.5,8.5,2024-12-22T18:00Z,0.0,0.0,30.9,31.0,9.6,11.0,outdoors,2024,CHI98,16
2024_16_HOU_KC,0.0,0.0,31.2,2.4,0.0,0.0,0,32.2,4.1,2024-12-21T18:00Z,0.0,0.0,32.7,38.2,5.2,7.1,outdoors,2024,KAN00,16
2024_16_LA_NYJ,0.0,0.0,17.7,8.1,0.0,0.0,0,21.6,11.6,2024-12-22T18:00Z,0.0,0.0,20.3,24.7,8.1,8.8,outdoors,2024,NYC01,16
2024_16_NE_BUF,0.0,0.0,9.7,2.1,0.0,0.0,0,13.8,2.6,2024-12-22T21:25Z,0.0,0.0,10.6,15.1,1.6,2.7,outdoors,2024,BUF00,16
2024_16_NO_GB,0.0,0.0,32.2,7.2,0.0,0.0,0,33.0,6.3,2024-12-24T01:15Z,0.0,0.0,30.5,24.0,7.6,3.5,outdoors,2024,GNB00,16
2024_16_NYG_ATL,0.0,0.0,42.7,4.8,0.0,0.0,0,44.5,2.7,2024-12-22T18:00Z,0.0,0.0,43.4,44.9,6.5,4.9,closed,2024,ATL97,16
2024_16_PIT_BAL,0.0,0.0,32.1,11.2,0.0,0.0,0,33.4,9.2,2024-12-21T21:30Z,0.0,0.0,30.8,35.8,11.1,14.5,outdoors,2024,BAL00,16
2024_16_SF_MIA,0.0,0.0,73.5,4.3,0.0,0.0,0,77.5,11.6,2024-12-22T21:25Z,0.0,0.0,73.8,71.5,9.5,9.9,outdoors,2024,MIA00,16
2024_16_TB_DAL,0.0,0.0,57.2,9.4,0.0,0.0,0,60.2,11.3,2024-12-23T01:20Z,0.0,0.0,54.5,60.1,7.8,12.4,closed,2024,DAL00,16
2024_16_TEN_IND,0.0,0.0,31.7,6.5,0.0,0.0,0,33.0,7.2,2024-12-22T18:00Z,0.0,0.0,33.3,33.3,5.8,8.0,closed,2024,IND00,16
2024_17_BAL_HOU,0.0,0.0,69.3,2.6,0.0,0.0,2,66.5,3.8,2024-12-25T21:30Z,0.0,0.0,65.3,69.9,5.4,4.1,closed,2024,HOU00,17
2024_17_DAL_PHI,0.0,0.0,64.7,11.1,0.0,0.0,2,64.7,11.5,2024-12-29T18:00Z,0.0,0.0,55.1,62.5,4.0,13.0,outdoors,2024,PHI00,17
2024_17_DEN_CIN,0.0,0.0,60.6,4.1,0.0,0.0,4,60.7,5.9,2024-12-28T21:30Z,0.0,0.0,57.7,59.9,3.3,6.0,outdoors,2024,CIN00,17
2024_17_IND_NYG,0.0,0.0,59.8,5.5,0.0,0.0,2,58.5,4.6,2024-12-29T18:00Z,0.0,0.0,50.2,49.4,2.6,3.3,outdoors,2024,NYC01,17
2024_17_LAC_NE,0.004,0.008,39.0,7.1,0.0,0.0,34,40.7,7.4,2024-12-28T18:00Z,0.028,0.004,39.0,36.2,5.5,3.8,outdoors,2024,BOS00,17
2024_17_MIA_CLE,0.004,0.126,50.5,13.9,0.0,0.0,71,57.4,9.3,2024-12-29T21:05Z,0.0,0.0,58.5,56.9,9.5,16.2,outdoors,2024,CLE00,17
2024_17_NYJ_BUF,0.016,0.04,55.3,18.7,0.0,0.0,40,54.8,18.9,2024-12-29T18:00Z,0.016,0.0,54.3,56.5,11.6,15.4,outdoors,2024,BUF00,17
2024_17_SEA_CHI,0.008,0.02,43.4,9.1,0.0,0.0,2,45.3,6.8,2024-12-27T01:15Z,0.028,0.0,44.2,42.1,7.1,6.0,outdoors,2024,CHI98,17
2024_17_TEN_JAX,0.004,0.012,70.2,6.1,0.0,0.268,43,65.1,5.4,2024-12-29T18:00Z,0.0,0.031,70.9,71.8,19.8,11.0,outdoors,2024,JAX00,17
2024_18_BUF_NE,0.0,0.0,30.8,16.6,0.0,0.0,0,32.3,15.5,2025-01-05T18:00Z,0.0,0.0,28.4,30.5,15.9,13.3,outdoors,2024,BOS00,18
2024_18_CAR_ATL,0.0,0.0,50.2,7.4,0.0,0.0,0,52.2,6.3,2025-01-05T18:00Z,0.0,0.004,44.6,45.2,6.7,7.4,closed,2024,ATL97,18
2024_18_CHI_GB,0.0,0.0,17.8,8.8,0.0,0.0,0,17.5,6.4,2025-01-05T18:00Z,0.0,0.0,13.6,18.8,5.8,8.8,outdoors,2024,GNB00,18
2024_18_CLE_BAL,0.0,0.0,28.4,14.7,0.0,0.0,0,29.9,13.9,2025-01-04T21:30Z,0.0,0.0,28.9,30.2,13.7,13.7,outdoors,2024,BAL00,18
2024_18_JAX_IND,0.016,0.036,22.3,4.0,0.016,0.075,49,22.5,3.8,2025-01-05T18:00Z,0.016,0.02,23.2,23.8,6.3,5.0,closed,2024,IND00,18
2024_18_KC_DEN,0.0,0.0,28.1,1.1,0.0,0.0,0,30.4,3.7,2025-01-05T21:25Z,0.0,0.0,34.5,27.0,4.3,5.4,outdoors,2024,DEN00,18
2024_18_MIA_NYJ,0.0,0.0,30.6,9.2,0.0,0.0,0,32.4,13.0,2025-01-05T21:25Z,0.0,0.0,31.9,32.8,12.5,11.3,outdoors,2024,NYC01,18
2024_18_NYG_PHI,0.0,0.0,31.3,12.1,0.0,0.0,0,31.7,13.9,2025-01-05T18:00Z,0.0,0.0,30.1,31.2,13.9,13.0,outdoors,2024,PHI00,18
2024_18_WAS_DAL,0.0,0.0,44.1,17.1,0.0,0.0,0,43.5,20.4,2025-01-05T18:00Z,0.0,0.0,45.1,53.2,22.2,19.5,closed,2024,DAL00,18
2025_01_BAL_BUF,0.0,0.0,59.7,8.4,0.0,0.0,0,57.0,5.4,2025-09-08T00:20Z,0.0,0.008,58.2,58.2,6.7,9.0,outdoors,2025,BUF00,1
2025_01_CAR_JAX,0.008,0.13,80.2,1.2,0.0,0.0,21,88.4,2.5,2025-09-07T17:00Z,0.0,0.0,86.4,95.0,7.4,8.3,outdoors,2025,JAX00,1
2025_01_CIN_CLE,0.0,0.0,61.1,8.1,0.0,0.0,0,65.3,10.2,2025-09-07T17:00Z,0.0,0.0,60.3,64.7,9.9,12.5,outdoors,2025,CLE00,1
2025_01_DAL_PHI,0.012,0.087,74.2,6.3,0.0,0.0,44,73.6,3.4,2025-09-05T00:20Z,0.0,0.0,74.0,73.9,13.0,11.3,outdoors,2025,PHI00,1
2025_01_DET_GB,0.0,0.0,62.7,6.6,0.0,0.0,0,62.8,5.6,2025-09-07T20:25Z,0.0,0.0,62.3,63.9,7.2,7.3,outdoors,2025,GNB00,1
2025_01_LV_NE,0.075,0.111,61.5,7.5,0.055,0.055,68,60.5,3.0,2025-09-07T17:00Z,0.098,0.055,64.7,55.1,5.6,5.8,outdoors,2025,BOS00,1
2025_01_MIA_IND,0.0,0.0,66.0,6.7,0.0,0.0,0,68.5,8.9,2025-09-07T17:00Z,0.0,0.0,68.6,67.3,7.4,7.7,closed,2025,IND00,1
2025_01_MIN_CHI,0.0,0.0,65.7,4.6,0.0,0.0,0,64.2,8.1,2025-09-09T00:15Z,0.0,0.0,67.4,67.2,5.8,6.4,outdoors,2025,CHI98,1
2025_01_NYG_WAS,0.0,0.0,68.8,4.2,0.0,0.0,2,67.6,3.5,2025-09-07T17:00Z,0.0,0.0,64.2,62.0,5.4,1.1,outdoors,2025,WAS00,1
2025_01_PIT_NYJ,0.024,0.028,65.7,3.6,0.0,0.0,24,63.7,2.4,2025-09-07T17:00Z,0.0,0.008,66.4,61.5,5.4,4.8,outdoors,2025,NYC01,1
2025_01_SF_SEA,0.0,0.0,68.5,5.7,0.0,0.0,2,66.9,5.5,2025-09-07T20:05Z,0.0,0.0,70.8,69.9,7.3,5.9,outdoors,2025,SEA00,1
2025_01_TB_ATL,0.0,0.0,78.7,6.6,0.0,0.0,0,78.2,7.8,2025-09-07T17:00Z,0.0,0.0,78.9,84.5,9.7,6.4,closed,2025,ATL97,1
2025_01_TEN_DEN,0.0,0.0,82.3,1.5,0.0,0.0,2,85.2,2.9,2025-09-07T20:05Z,0.0,0.0,84.7,86.1,6.7,5.0,outdoors,2025,DEN00,1
2025_02_BUF_NYJ,0.0,0.0,82.8,3.5,0.0,0.0,0,81.7,5.4,2025-09-14T17:00Z,0.0,0.0,83.4,83.6,4.7,1.3,outdoors,2025,NYC01,2
2025_02_CAR_ARI,0.0,0.0,98.9,2.3,0.0,0.0,0,95.9,6.5,2025-09-14T20:05Z,0.0,0.0,96.8,94.1,6.4,5.0,closed,2025,PHO00,2
2025_02_CLE_BAL,0.0,0.0,79.9,3.4,0.0,0.0,0,82.4,5.2,2025-09-14T17:00Z,0.0,0.0,85.8,83.5,4.6,2.8,outdoors,2025,BAL00,2
2025_02_DEN_IND,0.0,0.0,87.7,6.5,0.0,0.0,0,86.1,7.3,2025-09-14T20:05Z,0.0,0.0,86.6,87.7,8.1,5.2,closed,2025,IND00,2
2025_02_JAX_CIN,0.0,0.0,83.0,3.0,0.0,0.0,0,83.8,0.5,2025-09-14T17:00Z,0.0,0.0,83.5,89.1,2.1,1.8,outdoors,2025,CIN00,2
2025_02_NE_MIA,0.0,0.0,86.6,1.1,0.0,0.0,0,86.4,1.8,2025-09-14T17:00Z,0.0,0.0,83.0,88.8,2.3,5.4,outdoors,2025,MIA00,2
2025_02_NYG_DAL,0.0,0.0,90.7,7.5,0.0,0.0,0,89.9,6.5,2025-09-14T17:00Z,0.0,0.0,90.6,92.2,7.2,8.6,closed,2025,DAL00,2
2025_02_PHI_KC,0.0,0.0,93.0,10.5,0.0,0.0,0,89.8,7.6,2025-09-14T20:25Z,0.0,0.0,94.7,94.3,12.5,12.4,outdoors,2025,KAN00,2
2025_02_SEA_PIT,0.0,0.0,80.2,4.9,0.0,0.0,0,81.5,5.3,2025-09-14T17:00Z,0.0,0.0,84.4,83.3,3.3,3.3,outdoors,2025,PIT00,2
2025_02_TB_HOU,0.0,0.0,85.1,7.3,0.0,0.0,2,90.7,8.6,2025-09-15T23:00Z,0.0,0.0,90.6,91.0,8.9,12.5,closed,2025,HOU00,2
2025_02_WAS_GB,0.0,0.0,66.4,5.3,0.0,0.0,0,63.9,4.9,2025-09-12T00:15Z,0.0,0.0,62.3,65.5,4.0,7.0,outdoors,2025,GNB00,2
2025_03_ARI_SF,0.0,0.0,79.6,3.6,0.0,0.0,0,72.0,5.0,2025-09-21T20:25Z,0.0,0.0,70.4,81.5,5.7,5.2,outdoors,2025,SFO01,3
2025_03_ATL_CAR,0.0,0.0,81.6,6.0,0.0,0.0,0,82.7,4.7,2025-09-21T17:00Z,0.0,0.0,83.6,84.4,6.5,4.7,outdoors,2025,CAR00,3
2025_03_DAL_CHI,0.0,0.008,76.6,7.4,0.0,0.0,6,78.7,7.5,2025-09-21T20:25Z,0.299,0.0,73.6,81.8,2.7,10.1,outdoors,2025,CHI98,3
2025_03_DET_BAL,0.0,0.0,68.4,4.0,0.0,0.0,1,71.0,4.1,2025-09-23T00:15Z,0.0,0.0,71.3,74.5,4.9,5.9,outdoors,2025,BAL00,3
2025_03_GB_CLE,0.0,0.0,77.8,7.4,0.0,0.0,0,86.0,4.9,2025-09-21T17:00Z,0.0,0.0,88.4,77.8,11.0,7.2,outdoors,2025,CLE00,3
2025_03_HOU_JAX,0.0,0.02,85.6,10.5,0.0,0.0,4,85.1,12.6,2025-09-21T17:00Z,0.0,0.0,85.4,88.9,11.3,12.8,outdoors,2025,JAX00,3
2025_03_KC_NYG,0.0,0.0,63.0,3.1,0.0,0.0,0,63.2,4.1,2025-09-22T00:20Z,0.0,0.0,62.1,65.4,4.9,7.9,outdoors,2025,NYC01,3
2025_03_LA_PHI,0.0,0.0,73.1,5.3,0.0,0.0,0,74.3,6.5,2025-09-21T17:00Z,0.0,0.004,74.7,70.8,7.2,8.5,outdoors,2025,PHI00,3
2025_03_LV_WAS,0.0,0.0,72.2,6.0,0.0,0.0,1,70.4,5.9,2025-09-21T17:00Z,0.0,0.008,75.0,74.0,7.4,8.6,outdoors,2025,WAS00,3
2025_03_MIA_BUF,0.0,0.0,66.7,7.6,0.0,0.0,10,68.6,6.0,2025-09-19T00:15Z,0.0,0.0,68.6,63.8,4.9,6.2,outdoors,2025,BUF00,3
2025_03_NO_SEA,0.0,0.0,63.9,5.9,0.0,0.0,9,60.6,3.2,2025-09-21T20:05Z,0.0,0.024,62.9,65.2,5.6,10.0,outdoors,2025,SEA00,3
2025_03_NYJ_TB,0.0,0.0,89.1,5.8,0.0,0.0,0,88.3,6.5,2025-09-21T17:00Z,0.0,0.0,87.9,88.3,7.9,8.6,outdoors,2025,TAM00,3
2025_03_PIT_NE,0.0,0.0,65.2,5.0,0.0,0.0,0,66.6,4.1,2025-09-21T17:00Z,0.0,0.0,68.0,69.7,5.9,6.0,outdoors,2025,BOS00,3
2025_04_BAL_KC,0.0,0.0,86.0,5.2,0.0,0.0,0,88.9,7.3,2025-09-28T20:25Z,0.0,0.0,88.9,85.7,6.8,6.1,outdoors,2025,KAN00,4
2025_04_CAR_NE,0.0,0.0,77.1,7.0,0.0,0.0,0,76.4,7.2,2025-09-28T17:00Z,0.0,0.0,74.3,69.3,8.8,5.2,outdoors,2025,BOS00,4
2025_04_CIN_DEN,0.0,0.0,70.5,1.7,0.0,0.0,44,61.2,6.2,2025-09-30T00:15Z,0.016,0.047,59.6,64.6,9.5,10.9,outdoors,2025,DEN00,4
2025_04_GB_DAL,0.0,0.0,83.8,4.2,0.0,0.0,0,82.2,3.7,2025-09-29T00:20Z,0.0,0.0,84.0,86.6,5.8,3.8,closed,2025,DAL00,4
2025_04_JAX_SF,0.0,0.0,78.1,7.2,0.0,0.0,0,73.2,11.2,2025-09-28T20:05Z,0.0,0.0,71.4,71.9,11.7,6.3,outdoors,2025,SFO01,4
2025_04_LAC_NYG,0.0,0.0,77.8,3.7,0.0,0.0,0,80.9,2.6,2025-09-28T17:00Z,0.0,0.0,79.2,74.6,6.2,3.8,outdoors,2025,NYC01,4
2025_04_MIN_PIT,0.0,0.0,60.2,4.0,0.0,0.0,0,59.8,2.0,2025-09-28T13:30Z,0.0,0.0,63.3,64.1,0.8,0.9,outdoors,2025,PIT00,4
2025_04_NO_BUF,0.0,0.0,73.0,5.0,0.0,0.0,0,76.3,5.5,2025-09-28T17:00Z,0.0,0.0,74.7,76.2,8.3,11.3,outdoors,2025,BUF00,4
2025_04_NYJ_MIA,0.0,0.0,80.9,7.3,0.0,0.0,6,89.1,8.9,2025-09-29T23:15Z,0.0,0.004,84.1,86.3,9.3,16.7,outdoors,2025,MIA00,4
2025_04_PHI_TB,0.0,0.0,89.0,4.3,0.016,0.016,0,88.7,3.6,2025-09-28T17:00Z,0.0,0.0,89.1,89.8,7.9,5.4,outdoors,2025,TAM00,4
2025_04_SEA_ARI,0.0,0.0,95.4,12.9,0.0,0.0,1,104.1,14.3,2025-09-26T00:15Z,0.0,0.0,102.1,102.4,19.0,17.4,closed,2025,PHO00,4
2025_04_TEN_HOU,0.0,0.0,82.9,5.2,0.0,0.0,0,86.7,7.1,2025-09-28T17:00Z,0.0,0.0,87.3,88.0,6.1,4.8,closed,2025,HOU00,4
2025_04_WAS_ATL,0.0,0.0,79.4,5.8,0.0,0.0,0,82.2,6.9,2025-09-28T17:00Z,0.0,0.0,82.5,83.9,8.5,5.4,closed,2025,ATL97,4
2025_05_DAL_NYJ,0.0,0.0,81.8,2.0,0.0,0.0,0,83.5,2.3,2025-10-05T17:00Z,0.0,0.0,83.8,81.8,2.8,3.9,outdoors,2025,NYC01,5
2025_05_DEN_PHI,0.0,0.0,80.2,3.5,0.0,0.0,0,80.7,2.9,2025-10-05T17:00Z,0.0,0.0,81.1,80.4,5.3,3.7,outdoors,2025,PHI00,5
2025_05_DET_CIN,0.0,0.0,82.0,6.3,0.0,0.0,0,82.7,4.2,2025-10-05T20:25Z,0.0,0.0,84.0,85.0,7.6,4.3,outdoors,2025,CIN00,5
2025_05_HOU_BAL,0.0,0.0,75.2,3.3,0.0,0.0,0,79.4,5.5,2025-10-05T17:00Z,0.0,0.0,78.3,79.3,5.1,5.1,outdoors,2025,BAL00,5
2025_05_KC_JAX,0.0,0.0,77.7,10.2,0.0,0.0,2,76.6,6.0,2025-10-07T00:15Z,0.0,0.0,76.1,75.9,2.8,8.1,outdoors,2025,JAX00,5
2025_05_LV_IND,0.0,0.0,77.5,6.3,0.0,0.0,0,78.9,7.5,2025-10-05T17:00Z,0.0,0.0,81.5,81.4,10.5,6.9,closed,2025,IND00,5
2025_05_MIA_CAR,0.0,0.0,77.3,7.2,0.0,0.0,1,77.1,6.4,2025-10-05T17:00Z,0.0,0.0,78.3,78.1,7.8,6.7,outdoors,2025,CAR00,5
2025_05_MIN_CLE,0.0,0.0,65.5,7.7,0.0,0.0,0,64.2,6.2,2025-10-05T13:30Z,0.0,0.0,66.6,65.8,7.2,7.3,outdoors,2025,CLE00,5
2025_05_NE_BUF,0.0,0.0,72.1,2.3,0.0,0.0,0,68.4,3.4,2025-10-06T00:20Z,0.0,0.0,69.1,63.3,5.0,5.2,outdoors,2025,BUF00,5
2025_05_TB_SEA,0.0,0.0,59.4,9.2,0.0,0.0,0,60.8,6.6,2025-10-05T20:05Z,0.0,0.0,60.6,64.2,10.4,6.5,outdoors,2025,SEA00,5
2025_05_TEN_ARI,0.0,0.0,86.5,0.7,0.0,0.0,0,85.1,2.1,2025-10-05T20:05Z,0.0,0.0,85.9,85.1,1.6,5.4,closed,2025,PHO00,5
2025_06_ARI_IND,0.0,0.0,66.4,2.9,0.0,0.0,0,69.4,1.8,2025-10-12T17:00Z,0.0,0.0,68.6,68.0,1.4,3.7,closed,2025,IND00,6
2025_06_BUF_ATL,0.0,0.0,74.2,6.2,0.0,0.0,0,72.5,3.7,2025-10-13T23:15Z,0.0,0.0,72.6,76.0,6.4,6.8,closed,2025,ATL97,6
2025_06_CHI_WAS,0.008,0.02,55.8,12.7,0.0,0.0,45,55.8,10.7,2025-10-14T00:15Z,0.0,0.008,57.6,53.4,11.5,14.0,outdoors,2025,WAS00,6
2025_06_CIN_GB,0.0,0.0,63.3,10.6,0.0,0.0,0,64.0,9.8,2025-10-12T20:25Z,0.0,0.0,64.1,65.7,12.1,15.3,outdoors,2025,GNB00,6
2025_06_CLE_PIT,0.0,0.024,64.9,8.3,0.0,0.0,4,67.2,6.2,2025-10-12T17:00Z,0.0,0.0,67.3,58.7,12.6,7.3,outdoors,2025,PIT00,6
2025_06_DAL_CAR,0.0,0.0,66.9,15.4,0.0,0.0,11,68.2,12.4,2025-10-12T17:00Z,0.028,0.004,64.2,61.2,20.5,14.3,outdoors,2025,CAR00,6
2025_06_DEN_NYJ,0.0,0.0,59.5,11.2,0.0,0.0,2,60.1,13.0,2025-10-12T13:30Z,0.0,0.083,59.0,57.7,11.0,15.1,outdoors,2025,NYC01,6
2025_06_DET_KC,0.0,0.0,79.5,9.5,0.0,0.0,2,81.5,10.3,2025-10-13T00:20Z,0.0,0.0,81.5,78.8,9.2,10.0,outdoors,2025,KAN00,6
2025_06_LAC_MIA,0.0,0.0,81.5,0.9,0.0,0.0,2,85.0,1.2,2025-10-12T17:00Z,0.0,0.0,78.0,84.3,5.5,7.1,outdoors,2025,MIA00,6
2025_06_LA_BAL,0.0,0.0,65.9,13.4,0.0,0.0,1,65.4,11.7,2025-10-12T17:00Z,0.0,0.024,64.9,61.5,15.0,12.1,outdoors,2025,BAL00,6
2025_06_PHI_NYG,0.0,0.0,52.1,5.2,0.0,0.0,0,50.8,4.2,2025-10-10T00:15Z,0.0,0.0,50.2,55.6,6.3,8.4,outdoors,2025,NYC01,6
2025_06_SEA_JAX,0.0,0.0,75.2,8.2,0.0,0.0,0,75.3,7.7,2025-10-12T17:00Z,0.0,0.0,77.0,78.8,9.3,8.7,outdoors,2025,JAX00,6
2025_06_SF_TB,0.0,0.0,82.6,7.2,0.0,0.0,0,81.6,7.8,2025-10-12T20:25Z,0.0,0.0,81.6,80.6,7.2,10.6,outdoors,2025,TAM00,6
2025_07_ATL_SF,0.0,0.0,73.7,3.1,0.0,0.0,0,70.0,8.9,2025-10-20T00:20Z,0.0,0.0,67.8,76.4,5.7,6.2,outdoors,2025,SFO01,7
2025_07_CAR_NYJ,0.0,0.0,69.3,11.2,0.0,0.0,0,71.8,15.0,2025-10-19T17:00Z,0.0,0.0,70.1,69.4,15.8,13.9,outdoors,2025,NYC01,7
2025_07_GB_ARI,0.0,0.0,87.3,1.0,0.0,0.0,0,85.6,0.2,2025-10-19T20:25Z,0.0,0.0,87.6,83.9,2.2,2.2,closed,2025,PHO00,7
2025_07_HOU_SEA,0.0,0.0,54.5,6.1,0.0,0.0,4,54.0,4.5,2025-10-21T02:00Z,0.0,0.0,52.6,53.7,3.4,2.8,outdoors,2025,SEA00,7
2025_07_LA_JAX,0.0,0.0,69.1,7.3,0.0,0.0,0,69.8,6.4,2025-10-19T13:30Z,0.0,0.0,69.2,71.4,6.5,7.8,outdoors,2025,JAX00,7
2025_07_LV_KC,0.0,0.0,56.6,8.2,0.0,0.0,0,61.3,9.3,2025-10-19T17:00Z,0.0,0.0,57.2,61.9,11.3,10.4,outdoors,2025,KAN00,7
2025_07_MIA_CLE,0.13,0.311,61.8,18.7,0.169,0.272,100,64.1,13.3,2025-10-19T17:00Z,0.043,0.016,66.1,63.3,17.8,19.3,outdoors,2025,CLE00,7
2025_07_NO_CHI,0.012,0.02,51.5,12.5,0.0,0.0,38,49.6,13.0,2025-10-19T17:00Z,0.0,0.0,53.0,52.1,14.7,15.6,outdoors,2025,CHI98,7
2025_07_NYG_DEN,0.0,0.0,72.8,2.8,0.0,0.0,0,71.5,3.9,2025-10-19T20:05Z,0.0,0.0,70.9,74.4,2.9,1.6,outdoors,2025,DEN00,7
2025_07_PIT_CIN,0.0,0.0,59.4,3.5,0.0,0.0,0,58.2,2.7,2025-10-17T00:15Z,0.0,0.0,57.5,56.3,4.3,3.7,outdoors,2025,CIN00,7
2025_07_WAS_DAL,0.0,0.0,71.0,1.1,0.0,0.0,0,74.5,2.9,2025-10-19T20:25Z,0.0,0.0,71.6,76.6,6.0,3.8,closed,2025,DAL00,7
2025_08_BUF_CAR,0.0,0.0,61.1,7.1,0.0,0.0,0,61.4,6.6,2025-10-26T17:00Z,0.0,0.0,61.1,63.7,7.4,6.4,outdoors,2025,CAR00,8
2025_08_CHI_BAL,0.0,0.0,59.5,1.4,0.0,0.0,0,61.3,0.9,2025-10-26T17:00Z,0.0,0.0,60.3,59.0,2.0,2.6,outdoors,2025,BAL00,8
2025_08_CLE_NE,0.0,0.0,54.0,7.1,0.0,0.0,0,53.3,8.7,2025-10-26T17:00Z,0.0,0.0,49.0,51.5,7.0,4.7,outdoors,2025,BOS00,8
2025_08_DAL_DEN,0.0,0.0,71.4,3.4,0.0,0.0,0,68.3,6.3,2025-10-26T20:25Z,0.0,0.0,66.8,66.8,3.5,3.8,outdoors,2025,DEN00,8
2025_08_GB_PIT,0.0,0.0,47.8,6.0,0.0,0.0,0,47.4,2.7,2025-10-27T00:20Z,0.0,0.0,44.0,50.3,4.1,4.3,outdoors,2025,PIT00,8
2025_08_MIA_ATL,0.0,0.0,61.0,10.9,0.0,0.0,1,60.3,12.0,2025-10-26T17:00Z,0.0,0.0,60.8,61.9,10.6,10.5,closed,2025,ATL97,8
2025_08_NYG_PHI,0.0,0.0,61.9,3.5,0.0,0.0,0,60.5,2.8,2025-10-26T17:00Z,0.0,0.0,59.7,57.6,3.3,4.1,outdoors,2025,PHI00,8
2025_08_NYJ_CIN,0.0,0.0,57.1,7.2,0.0,0.0,0,59.9,8.0,2025-10-26T17:00Z,0.0,0.0,58.6,60.3,8.6,8.0,outdoors,2025,CIN00,8
2025_08_SF_HOU,0.0,0.004,74.5,0.7,0.0,0.0,0,73.8,2.1,2025-10-26T17:00Z,0.0,0.0,70.9,82.1,6.4,6.1,closed,2025,HOU00,8
2025_08_TEN_IND,0.0,0.0,61.3,9.4,0.0,0.0,0,63.0,9.4,2025-10-26T20:25Z,0.0,0.0,62.0,63.4,11.0,10.3,closed,2025,IND00,8
2025_08_WAS_KC,0.0,0.008,53.6,5.3,0.0,0.0,0,53.7,4.8,2025-10-28T00:15Z,0.0,0.0,54.1,52.9,5.6,6.4,outdoors,2025,KAN00,8
2025_09_ARI_DAL,0.0,0.0,67.6,8.0,0.0,0.0,0,69.4,6.5,2025-11-04T01:15Z,0.0,0.0,66.7,69.4,8.5,8.9,closed,2025,DAL00,9
2025_09_ATL_NE,0.0,0.0,51.7,7.4,0.0,0.0,0,52.5,11.0,2025-11-02T18:00Z,0.0,0.0,50.3,51.3,10.5,8.6,outdoors,2025,BOS00,9
2025_09_BAL_MIA,0.0,0.0,69.8,3.1,0.0,0.0,0,74.9,11.1,2025-10-31T00:15Z,0.0,0.0,69.6,75.5,3.8,13.7,outdoors,2025,MIA00,9
2025_09_CAR_GB,0.0,0.0,47.4,10.6,0.0,0.0,0,48.7,10.4,2025-11-02T18:00Z,0.0,0.0,47.9,48.3,15.6,16.5,outdoors,2025,GNB00,9
2025_09_CHI_CIN,0.0,0.0,47.7,1.7,0.0,0.0,1,49.3,0.2,2025-11-02T18:00Z,0.0,0.0,49.6,47.3,2.5,4.0,outdoors,2025,CIN00,9
2025_09_DEN_HOU,0.0,0.0,68.5,3.0,0.0,0.0,0,70.7,5.2,2025-11-02T18:00Z,0.0,0.0,69.5,69.6,6.6,5.5,closed,2025,HOU00,9
2025_09_IND_PIT,0.0,0.0,53.9,1.5,0.0,0.0,2,57.3,2.0,2025-11-02T18:00Z,0.0,0.0,57.9,55.8,2.6,3.3,outdoors,2025,PIT00,9
2025_09_KC_BUF,0.0,0.0,53.9,1.8,0.0,0.0,1,53.8,5.4,2025-11-02T21:25Z,0.0,0.0,50.7,50.1,6.5,5.8,outdoors,2025,BUF00,9
2025_09_SEA_WAS,0.0,0.0,51.7,4.4,0.0,0.0,0,53.2,2.3,2025-11-03T01:20Z,0.0,0.0,51.3,51.7,4.2,4.1,outdoors,2025,WAS00,9
2025_09_SF_NYG,0.0,0.0,57.0,4.1,0.0,0.0,0,61.1,5.5,2025-11-02T18:00Z,0.0,0.0,57.5,59.0,5.7,5.4,outdoors,2025,NYC01,9
2025_10_ARI_SEA,0.0,0.0,58.6,4.5,0.0,0.0,0,61.2,3.1,2025-11-09T21:05Z,0.0,0.0,62.0,59.5,4.6,3.1,outdoors,2025,SEA00,10
2025_10_ATL_IND,0.004,0.004,37.2,13.5,0.0,0.0,8,37.0,11.1,2025-11-09T14:30Z,0.016,0.0,35.7,40.7,15.7,13.9,closed,2025,IND00,10
2025_10_BUF_MIA,0.016,0.016,82.3,3.7,0.0,0.0,13,89.6,4.5,2025-11-09T18:00Z,0.0,0.0,88.0,88.0,7.1,7.9,outdoors,2025,MIA00,10
2025_10_CLE_NYJ,0.0,0.004,59.0,6.9,0.0,0.268,5,64.1,11.4,2025-11-09T18:00Z,0.0,0.079,61.2,56.9,10.6,11.4,outdoors,2025,NYC01,10
2025_10_DET_WAS,0.0,0.004,66.9,7.5,0.0,0.0,2,64.0,1.1,2025-11-09T21:25Z,0.0,0.0,64.3,66.9,10.6,7.5,outdoors,2025,WAS00,10
2025_10_JAX_HOU,0.0,0.0,72.0,11.8,0.0,0.0,0,72.8,13.7,2025-11-09T18:00Z,0.0,0.0,70.2,73.2,16.1,15.9,closed,2025,HOU00,10
2025_10_LA_SF,0.0,0.0,76.6,3.6,0.0,0.0,0,74.4,3.6,2025-11-09T21:25Z,0.0,0.0,71.2,76.8,4.8,2.8,outdoors,2025,SFO01,10
2025_10_LV_DEN,0.0,0.0,56.2,7.0,0.0,0.0,0,55.0,5.2,2025-11-07T01:15Z,0.0,0.0,52.4,58.8,5.9,7.6,outdoors,2025,DEN00,10
2025_10_NE_TB,0.004,0.02,74.4,5.6,0.0,0.0,20,80.6,9.2,2025-11-09T18:00Z,0.0,0.0,77.5,84.2,8.5,11.4,outdoors,2025,TAM00,10
2025_10_NO_CAR,0.0,0.0,73.7,11.1,0.0,0.0,0,75.6,12.9,2025-11-09T18:00Z,0.0,0.0,69.5,74.2,13.9,14.6,outdoors,2025,CAR00,10
2025_10_NYG_CHI,0.004,0.016,33.3,15.0,0.0,0.0,5,32.8,15.8,2025-11-09T18:00Z,0.0,0.0,30.9,36.3,15.9,14.3,outdoors,2025,CHI98,10
2025_10_PHI_GB,0.0,0.0,31.0,8.7,0.0,0.0,0,31.3,6.0,2025-11-11T01:15Z,0.0,0.0,30.6,27.3,7.6,7.2,outdoors,2025,GNB00,10
2025_11_BAL_CLE,0.004,0.008,43.4,20.7,0.0,0.0,1,42.4,21.7,2025-11-16T21:25Z,0.0,0.0,42.3,44.5,25.7,22.6,outdoors,2025,CLE00,11
2025_11_CAR_ATL,0.0,0.0,72.8,10.8,0.0,0.0,0,73.4,11.5,2025-11-16T18:00Z,0.0,0.0,71.3,71.8,13.0,11.9,closed,2025,ATL97,11
2025_11_CIN_PIT,0.0,0.0,45.5,15.5,0.0,0.0,0,47.2,16.1,2025-11-16T18:00Z,0.0,0.0,43.5,48.0,20.6,14.8,outdoors,2025,PIT00,11
2025_11_DET_PHI,0.0,0.0,44.9,11.8,0.0,0.0,0,45.6,15.0,2025-11-17T01:20Z,0.0,0.0,40.7,44.9,12.8,14.1,outdoors,2025,PHI00,11
2025_11_GB_NYG,0.0,0.0,52.3,16.0,0.0,0.0,1,54.5,21.8,2025-11-16T18:00Z,0.0,0.0,47.5,50.2,17.2,18.2,outdoors,2025,NYC01,11
2025_11_KC_DEN,0.0,0.0,70.4,3.6,0.0,0.0,0,72.3,5.8,2025-11-16T21:25Z,0.0,0.0,66.7,65.5,5.0,4.2,outdoors,2025,DEN00,11
2025_11_LAC_JAX,0.0,0.0,76.6,11.8,0.0,0.0,0,75.6,13.0,2025-11-16T18:00Z,0.0,0.0,76.4,79.0,12.3,11.8,outdoors,2025,JAX00,11
2025_11_NYJ_NE,0.0,0.0,39.6,10.3,0.0,0.0,1,39.5,9.7,2025-11-14T01:15Z,0.0,0.0,38.4,37.3,7.8,10.8,outdoors,2025,BOS00,11
2025_11_SF_ARI,0.0,0.0,73.0,5.2,0.0,0.0,2,71.7,7.8,2025-11-16T21:05Z,0.0,0.0,70.6,70.4,5.1,10.8,closed,2025,PHO00,11
2025_11_TB_BUF,0.0,0.004,39.7,21.0,0.0,0.0,1,38.7,19.0,2025-11-16T18:00Z,0.0,0.0,36.7,41.2,18.2,19.8,outdoors,2025,BUF00,11
2025_11_WAS_MIA,0.0,0.0,70.8,1.2,0.0,0.0,0,72.6,2.2,2025-11-16T14:30Z,0.0,0.0,71.5,72.7,4.5,5.0,outdoors,2025,MIA00,11
2025_12_BUF_HOU,0.0,0.0,74.3,9.0,0.0,0.0,1,76.6,7.2,2025-11-21T01:15Z,0.0,0.0,74.4,75.6,6.6,8.7,closed,2025,HOU00,12
2025_12_CAR_SF,0.0,0.0,54.3,2.9,0.0,0.0,0,55.1,2.4,2025-11-25T01:15Z,0.0,0.0,54.4,59.1,5.8,5.4,outdoors,2025,SFO01,12
2025_12_IND_KC,0.0,0.0,55.5,3.7,0.0,0.0,0,50.0,4.7,2025-11-23T18:00Z,0.0,0.0,52.2,59.6,5.8,5.3,outdoors,2025,KAN00,12
2025_12_JAX_ARI,0.0,0.0,63.1,3.5,0.0,0.0,4,63.1,4.8,2025-11-23T21:05Z,0.0,0.0,59.9,64.0,6.5,4.5,closed,2025,PHO00,12
2025_12_MIN_GB,0.0,0.0,45.1,8.0,0.0,0.0,0,44.0,7.7,2025-11-23T18:00Z,0.0,0.0,45.5,46.8,9.3,11.7,outdoors,2025,GNB00,12
2025_12_NE_CIN,0.0,0.0,53.5,3.3,0.0,0.0,0,55.4,4.8,2025-11-23T18:00Z,0.0,0.0,46.6,56.2,6.1,7.5,outdoors,2025,CIN00,12
2025_12_NYJ_BAL,0.0,0.0,56.6,6.5,0.0,0.0,0,56.8,7.4,2025-11-23T18:00Z,0.0,0.0,50.3,57.2,5.7,8.4,outdoors,2025,BAL00,12
2025_12_PHI_DAL,0.0,0.004,65.2,6.1,0.0,0.0,0,69.7,5.1,2025-11-23T21:25Z,0.0,0.0,62.2,69.2,6.6,7.3,closed,2025,DAL00,12
2025_12_PIT_CHI,0.0,0.0,50.2,3.6,0.0,0.0,0,51.7,2.9,2025-11-23T18:00Z,0.0,0.0,48.3,50.8,8.2,5.8,outdoors,2025,CHI98,12
2025_13_ARI_TB,0.0,0.0,82.2,5.7,0.0,0.0,0,81.5,8.6,2025-11-30T18:00Z,0.0,0.0,81.9,80.9,9.0,7.2,outdoors,2025,TAM00,13
2025_13_ATL_NYJ,0.024,0.044,38.7,7.1,0.043,0.043,79,39.9,6.2,2025-11-30T18:00Z,0.016,0.028,43.9,43.8,9.6,10.7,outdoors,2025,NYC01,13
2025_13_BUF_PIT,0.0,0.0,34.3,13.3,0.0,0.0,0,36.3,14.0,2025-11-30T21:25Z,0.0,0.0,33.5,33.5,15.1,13.4,outdoors,2025,PIT00,13
2025_13_CHI_PHI,0.0,0.0,41.2,16.6,0.0,0.0,0,41.7,15.7,2025-11-28T20:00Z,0.0,0.0,39.0,42.7,16.1,15.9,outdoors,2025,PHI00,13
2025_13_CIN_BAL,0.0,0.0,36.9,8.6,0.0,0.0,0,37.7,12.3,2025-11-28T01:20Z,0.0,0.0,32.5,38.6,5.0,11.1,outdoors,2025,BAL00,13
2025_13_DEN_WAS,0.0,0.0,38.7,5.6,0.0,0.0,0,39.9,4.8,2025-12-01T01:20Z,0.0,0.0,40.6,43.4,5.1,9.8,outdoors,2025,WAS00,13
2025_13_HOU_IND,0.0,0.0,25.7,13.7,0.0,0.0,0,27.0,15.9,2025-11-30T18:00Z,0.0,0.0,25.7,27.3,16.4,12.1,closed,2025,IND00,13
2025_13_KC_DAL,0.0,0.0,59.0,2.4,0.0,0.0,0,63.2,2.2,2025-11-27T21:30Z,0.0,0.0,58.9,59.3,2.8,5.9,closed,2025,DAL00,13
2025_13_LA_CAR,0.0,0.032,44.0,3.5,0.0,0.016,6,45.1,2.2,2025-11-30T18:00Z,0.0,0.0,50.8,51.6,6.1,7.8,outdoors,2025,CAR00,13
2025_13_MIN_SEA,0.0,0.0,44.2,2.9,0.0,0.0,0,44.9,3.4,2025-11-30T21:05Z,0.0,0.0,47.5,46.1,3.6,1.6,outdoors,2025,SEA00,13
2025_13_NO_MIA,0.035,0.043,76.2,9.1,0.0,0.0,44,74.3,7.8,2025-11-30T18:00Z,0.0,0.004,79.0,80.7,14.6,12.9,outdoors,2025,MIA00,13
2025_13_NYG_NE,0.0,0.0,30.8,6.2,0.0,0.0,0,29.7,3.1,2025-12-02T01:15Z,0.0,0.0,30.6,27.3,6.1,4.3,outdoors,2025,BOS00,13
2025_13_SF_CLE,0.0,0.0,34.7,24.6,0.0,0.0,0,34.2,22.4,2025-11-30T18:00Z,0.0,0.0,32.8,34.5,23.7,23.6,outdoors,2025,CLE00,13
2025_14_CHI_GB,0.0,0.0,15.3,4.6,0.0,0.0,0,19.5,5.0,2025-12-07T21:25Z,0.0,0.0,19.4,17.0,9.5,9.7,outdoors,2025,GNB00,14
2025_14_CIN_BUF,0.031,0.043,31.0,12.1,0.028,0.028,47,30.0,7.4,2025-12-07T18:00Z,0.0,0.02,28.6,29.7,5.4,4.0,outdoors,2025,BUF00,14
2025_14_HOU_KC,0.0,0.0,28.0,6.5,0.0,0.0,0,29.4,5.4,2025-12-08T01:20Z,0.0,0.0,29.4,22.5,7.7,7.6,outdoors,2025,KAN00,14
2025_14_IND_JAX,0.0,0.103,62.3,3.7,0.0,0.043,65,58.3,5.7,2025-12-07T18:00Z,0.185,0.197,60.0,61.5,6.3,6.0,outdoors,2025,JAX00,14
2025_14_LA_ARI,0.0,0.0,69.7,0.7,0.0,0.0,0,69.3,0.0,2025-12-07T21:25Z,0.0,0.0,71.9,68.3,0.3,0.9,closed,2025,PHO00,14
2025_14_MIA_NYJ,0.0,0.0,40.8,5.8,0.0,0.0,0,41.6,6.1,2025-12-07T18:00Z,0.0,0.0,39.9,39.4,4.7,5.2,outdoors,2025,NYC01,14
2025_14_NO_TB,0.004,0.118,72.3,6.5,0.028,0.071,37,73.1,7.0,2025-12-07T18:00Z,0.0,0.0,77.1,79.5,13.8,14.5,outdoors,2025,TAM00,14
2025_14_PIT_BAL,0.0,0.0,39.7,2.8,0.0,0.0,1,42.6,5.6,2025-12-07T18:00Z,0.0,0.0,40.7,42.9,1.6,4.6,outdoors,2025,BAL00,14
2025_14_SEA_ATL,0.0,0.0,43.3,5.0,0.0,0.0,1,41.2,4.0,2025-12-07T18:00Z,0.0,0.0,41.1,55.3,4.1,3.8,closed,2025,ATL97,14
2025_14_TEN_CLE,0.004,0.024,33.6,6.7,0.0,0.016,6,33.6,3.5,2025-12-07T18:00Z,0.0,0.012,31.8,32.7,6.1,10.6,outdoors,2025,CLE00,14
2025_15_ARI_HOU,0.0,0.0,53.3,12.9,0.0,0.0,0,52.9,14.1,2025-12-14T18:00Z,0.0,0.0,49.3,61.2,14.6,14.4,closed,2025,HOU00,15
2025_15_ATL_TB,0.0,0.0,55.9,4.0,0.0,0.0,0,54.3,2.5,2025-12-12T01:15Z,0.0,0.0,52.7,56.9,4.0,6.5,outdoors,2025,TAM00,15
2025_15_BAL_CIN,0.0,0.0,8.3,7.7,0.0,0.0,0,9.0,7.0,2025-12-14T18:00Z,0.0,0.0,9.2,13.7,9.4,8.4,outdoors,2025,CIN00,15
2025_15_BUF_NE,0.016,0.032,31.6,9.7,0.016,0.016,53,30.4,8.9,2025-12-14T18:00Z,0.016,0.0,29.6,29.6,9.4,10.0,outdoors,2025,BOS00,15
2025_15_CLE_CHI,0.0,0.0,5.9,9.1,0.0,0.0,0,7.7,9.4,2025-12-14T18:00Z,0.0,0.0,6.2,10.7,9.3,7.7,outdoors,2025,CHI98,15
2025_15_GB_DEN,0.0,0.0,57.4,1.1,0.0,0.0,0,66.7,2.4,2025-12-14T21:25Z,0.0,0.0,65.8,56.1,4.0,0.6,outdoors,2025,DEN00,15
2025_15_IND_SEA,0.0,0.0,53.6,8.1,0.0,0.0,9,51.1,8.8,2025-12-14T21:25Z,0.0,0.0,51.6,53.7,9.7,7.9,outdoors,2025,SEA00,15
2025_15_LAC_KC,0.0,0.0,18.3,1.2,0.0,0.0,0,19.3,1.8,2025-12-14T18:00Z,0.0,0.0,16.6,19.1,0.5,4.5,outdoors,2025,KAN00,15
2025_15_LV_PHI,0.0,0.0,27.1,12.7,0.0,0.0,0,27.7,14.1,2025-12-14T18:00Z,0.0,0.0,22.7,24.9,15.8,11.8,outdoors,2025,PHI00,15
2025_15_MIA_PIT,0.0,0.0,15.4,5.5,0.0,0.0,0,15.8,4.6,2025-12-16T01:15Z,0.0,0.0,15.9,21.1,0.7,8.9,outdoors,2025,PIT00,15
2025_15_MIN_DAL,0.0,0.0,36.8,4.5,0.0,0.0,0,37.6,4.3,2025-12-15T01:20Z,0.0,0.0,36.7,46.8,3.9,7.1,closed,2025,DAL00,15
2025_15_NYJ_JAX,0.0,0.0,73.1,8.6,0.0,0.0,0,75.2,9.6,2025-12-14T18:00Z,0.0,0.0,71.3,75.1,11.8,10.7,outdoors,2025,JAX00,15
2025_15_TEN_SF,0.0,0.0,51.2,3.1,0.0,0.0,0,49.2,2.4,2025-12-14T21:25Z,0.0,0.0,51.6,65.2,6.1,3.2,outdoors,2025,SFO01,15
2025_15_WAS_NYG,0.0,0.0,27.5,10.6,0.0,0.0,1,29.6,13.3,2025-12-14T18:00Z,0.0,0.0,24.6,27.0,13.2,12.9,outdoors,2025,NYC01,15
2025_16_ATL_ARI,0.0,0.0,77.1,1.8,0.0,0.0,0,77.2,3.0,2025-12-21T21:05Z,0.0,0.0,79.2,75.8,2.0,4.5,closed,2025,PHO00,16
2025_16_BUF_CLE,0.0,0.0,28.0,15.3,0.0,0.0,0,29.0,16.3,2025-12-21T18:00Z,0.0,0.0,21.9,27.1,17.8,16.3,outdoors,2025,CLE00,16
2025_16_CIN_MIA,0.0,0.036,80.0,3.5,0.0,0.0,6,79.6,5.9,2025-12-21T18:00Z,0.0,0.0,80.2,80.1,5.9,10.8,outdoors,2025,MIA00,16
2025_16_GB_CHI,0.0,0.0,36.0,14.2,0.0,0.0,0,34.4,10.8,2025-12-21T01:20Z,0.0,0.0,28.0,33.6,11.9,11.2,outdoors,2025,CHI98,16
2025_16_JAX_DEN,0.0,0.0,58.0,2.5,0.0,0.0,0,62.9,2.4,2025-12-21T21:05Z,0.0,0.0,71.2,54.0,13.0,2.6,outdoors,2025,DEN00,16
2025_16_LAC_DAL,0.0,0.0,59.6,6.6,0.0,0.0,3,60.4,5.3,2025-12-21T18:00Z,0.016,0.0,57.6,55.4,9.4,7.8,closed,2025,DAL00,16
2025_16_LA_SEA,0.004,0.048,52.0,21.4,0.0,0.0,17,49.8,14.6,2025-12-19T01:15Z,0.0,0.138,48.9,45.2,20.6,7.6,outdoors,2025,SEA00,16
2025_16_LV_HOU,0.0,0.008,79.3,3.3,0.0,0.0,1,81.3,5.2,2025-12-21T21:25Z,0.0,0.0,80.9,74.3,5.0,3.3,closed,2025,HOU00,16
2025_16_MIN_NYG,0.0,0.0,45.4,11.1,0.0,0.0,0,47.4,13.9,2025-12-21T18:00Z,0.0,0.0,41.0,42.8,17.7,12.1,outdoors,2025,NYC01,16
2025_16_NE_BAL,0.0,0.0,35.4,5.6,0.0,0.0,0,36.4,0.0,2025-12-22T01:20Z,0.0,0.0,29.5,33.9,2.7,11.4,outdoors,2025,BAL00,16
2025_16_PHI_WAS,0.0,0.0,39.1,7.3,0.0,0.0,0,40.4,6.0,2025-12-20T22:00Z,0.0,0.0,38.3,39.0,6.3,7.7,outdoors,2025,WAS00,16
2025_16_SF_IND,0.0,0.0,43.3,9.0,0.0,0.0,1,45.5,5.9,2025-12-23T01:15Z,0.0,0.0,43.4,43.5,7.0,8.3,closed,2025,IND00,16
2025_16_TB_CAR,0.0,0.0,59.6,7.6,0.0,0.0,0,58.5,7.2,2025-12-21T18:00Z,0.0,0.0,59.6,58.3,8.2,3.8,outdoors,2025,CAR00,16
2025_17_ARI_CIN,0.004,0.004,65.4,13.0,0.0,0.0,5,67.9,14.7,2025-12-28T18:00Z,0.0,0.0,65.3,65.6,16.5,12.8,outdoors,2025,CIN00,17
2025_17_BAL_GB,0.0,0.0,35.3,9.7,0.0,0.0,3,35.0,7.7,2025-12-28T01:00Z,0.0,0.0,37.5,35.5,9.0,13.8,outdoors,2025,GNB00,17
2025_17_CHI_SF,0.0,0.0,51.4,4.1,0.0,0.0,0,51.6,7.2,2025-12-29T01:20Z,0.0,0.0,51.1,54.9,6.9,4.7,outdoors,2025,SFO01,17
2025_17_DAL_WAS,0.0,0.0,51.4,5.6,0.0,0.0,0,53.2,7.2,2025-12-25T18:00Z,0.0,0.0,51.6,46.7,8.8,6.3,outdoors,2025,WAS00,17
2025_17_DEN_KC,0.0,0.0,63.7,11.3,0.0,0.0,0,61.3,11.1,2025-12-26T01:15Z,0.0,0.0,54.9,65.2,3.2,11.4,outdoors,2025,KAN00,17
2025_17_JAX_IND,0.012,0.028,64.1,15.0,0.0,0.0,13,64.3,11.8,2025-12-28T18:00Z,0.0,0.004,63.5,62.4,14.0,13.5,closed,2025,IND00,17
2025_17_LA_ATL,0.0,0.0,36.6,10.5,0.0,0.0,0,36.8,10.4,2025-12-30T01:15Z,0.0,0.0,33.1,38.2,12.5,13.3,closed,2025,ATL97,17
2025_17_NE_NYJ,0.0,0.0,24.9,2.7,0.0,0.0,1,30.8,4.8,2025-12-28T18:00Z,0.0,0.0,28.8,31.8,4.6,4.5,outdoors,2025,NYC01,17
2025_17_PHI_BUF,0.118,0.256,39.7,6.2,0.071,0.327,100,38.4,1.2,2025-12-28T21:25Z,0.126,0.047,41.8,35.3,7.2,5.0,outdoors,2025,BUF00,17
2025_17_PIT_CLE,0.059,0.083,44.7,15.2,0.0,0.0,32,47.6,11.9,2025-12-28T18:00Z,0.0,0.024,50.9,45.5,13.5,13.4,outdoors,2025,CLE00,17
2025_17_SEA_CAR,0.0,0.028,43.2,2.4,0.0,0.0,3,43.8,2.8,2025-12-28T18:00Z,0.0,0.0,44.3,50.9,2.3,4.6,outdoors,2025,CAR00,17
2025_17_TB_MIA,0.0,0.0,78.3,0.7,0.0,0.0,0,83.0,3.5,2025-12-28T18:00Z,0.0,0.0,80.4,79.1,6.7,4.7,outdoors,2025,MIA00,17
2025_18_BAL_PIT,0.0,0.0,26.1,0.0,0.0,0.0,0,25.6,0.9,2026-01-05T01:20Z,0.0,0.0,22.6,23.3,1.8,1.3,outdoors,2025,PIT00,18
2025_18_CAR_TB,0.031,0.133,68.9,7.5,0.0,1.118,40,67.6,8.0,2026-01-03T21:30Z,0.0,0.0,69.9,70.0,10.8,15.7,outdoors,2025,TAM00,18
2025_18_CLE_CIN,0.0,0.0,35.0,0.7,0.0,0.0,0,36.5,1.7,2026-01-04T18:00Z,0.0,0.0,35.2,36.1,0.9,1.6,outdoors,2025,CIN00,18
2025_18_DAL_NYG,0.0,0.0,32.8,6.5,0.0,0.0,0,35.7,7.2,2026-01-04T18:00Z,0.0,0.0,34.3,34.0,7.2,10.5,outdoors,2025,NYC01,18
2025_18_DET_CHI,0.0,0.0,30.9,5.6,0.0,0.0,0,32.0,6.8,2026-01-04T21:25Z,0.0,0.0,30.4,29.9,7.5,5.7,outdoors,2025,CHI98,18
2025_18_IND_HOU,0.0,0.0,63.0,4.0,0.0,0.0,0,64.5,5.9,2026-01-04T18:00Z,0.0,0.0,61.7,65.5,5.7,6.0,closed,2025,HOU00,18
2025_18_LAC_DEN,0.0,0.0,67.2,2.4,0.0,0.0,0,69.2,10.4,2026-01-04T21:25Z,0.0,0.0,68.3,61.0,8.9,1.4,outdoors,2025,DEN00,18
2025_18_MIA_NE,0.0,0.0,27.9,6.6,0.0,0.0,0,28.9,7.0,2026-01-04T21:25Z,0.0,0.0,28.3,28.7,6.5,7.9,outdoors,2025,BOS00,18
2025_18_NO_ATL,0.0,0.0,56.8,2.8,0.0,0.0,0,58.0,4.4,2026-01-04T18:00Z,0.0,0.0,54.5,56.3,4.8,5.6,closed,2025,ATL97,18
2025_18_NYJ_BUF,0.004,0.008,26.8,10.8,0.0,0.0,2,24.8,13.0,2026-01-04T21:25Z,0.0,0.0,25.3,20.3,10.3,7.1,outdoors,2025,BUF00,18
2025_18_SEA_SF,0.004,0.004,57.5,7.0,0.0,0.0,2,57.4,9.0,2026-01-04T01:00Z,0.0,0.0,55.1,54.6,8.1,8.2,outdoors,2025,SFO01,18
2025_18_TEN_JAX,0.0,0.0,55.4,8.1,0.0,0.0,0,55.3,7.2,2026-01-04T18:00Z,0.0,0.0,54.3,60.6,9.7,9.0,outdoors,2025,JAX00,18
2025_18_WAS_PHI,0.0,0.0,34.1,5.9,0.0,0.0,0,35.1,8.8,2026-01-04T21:25Z,0.0,0.0,35.3,35.3,10.4,9.3,outdoors,2025,PHI00,18
